0.08100299537181854	-0.4012172222137451	0.3034554719924927	0.5429940819740295	-0.4942624866962433	0.2405187487602234	-0.4720265865325928	-1.0820095539093018	-0.7725424766540527	-0.014333441853523254	-0.8319297432899475	-0.6823592185974121	0.593879759311676	0.9015470743179321	0.5267297029495239	1.356888771057129	-0.07411251217126846	0.257449746131897	0.5995814800262451	1.193840742111206
0.10732068866491318	-1.2210676670074463	0.26299020648002625	1.9329452514648438	-1.034345269203186	0.5573103427886963	-0.9940112233161926	-0.2792733311653137	0.3976689279079437	-0.3859904110431671	1.0207183361053467	0.1593296378850937	-2.9837841987609863	1.6145628690719604	0.5276504158973694	-0.265335351228714	-0.1667306274175644	0.03280089795589447	0.6788498163223267	1.704262614250183
-1.3830646276474	1.8790769577026367	0.225716233253479	-1.4618877172470093	1.21975576877594	0.34214186668395996	-1.0517053604125977	0.041353847831487656	-1.6856898069381714	0.1484343409538269	-0.9405757188796997	0.3183790445327759	0.1258116364479065	-0.8089126944541931	0.3016625642776489	0.7109494209289551	-0.08072264492511749	-1.2549914121627808	1.1083414554595947	-0.12997707724571228
0.8922218084335327	-1.6224327087402344	1.4540916681289673	1.1279975175857544	0.19037644565105438	0.5548973083496094	0.07302034646272659	0.19295205175876617	0.759782612323761	-0.962352454662323	0.8418376445770264	-1.4087090492248535	0.6448935866355896	0.12587174773216248	0.5393443703651428	0.3109447956085205	1.038509726524353	1.6702007055282593	-1.2012776136398315	0.06868907064199448
-0.7399740219116211	-0.1727837473154068	1.0356478691101074	0.31552910804748535	0.30505791306495667	-1.0755600929260254	-0.7484315633773804	1.8961738348007202	0.17103871703147888	1.4375859498977661	0.7598626613616943	1.0251621007919312	0.826469898223877	-0.3449341952800751	0.3164212703704834	-0.4942179322242737	-0.3790556788444519	0.427202969789505	0.46467816829681396	-0.4214020371437073
1.5015628337860107	1.3963719606399536	0.29661399126052856	1.4534403085708618	1.4727116823196411	-0.8599648475646973	1.650232195854187	-0.8276475667953491	-0.021968930959701538	1.5026977062225342	0.7289857268333435	0.9185456037521362	0.260387659072876	0.6282219290733337	0.1685624122619629	-1.3190535306930542	1.3740938901901245	-0.8108460307121277	-0.0692707821726799	-2.142958402633667
0.5664544105529785	-0.8023114800453186	-1.5138520002365112	1.3845787048339844	1.4456056356430054	2.0866453647613525	0.09346218407154083	-0.2591610550880432	-2.646012544631958	-0.4821905195713043	1.4242438077926636	-0.25981220602989197	0.646662712097168	-0.15078170597553253	1.013737440109253	-1.1813738346099854	-0.1941225528717041	-0.5897656083106995	-0.09039246290922165	-1.1874847412109375
-0.5679046511650085	-0.46541479229927063	-1.0728175640106201	-0.03828622028231621	-0.45096492767333984	-0.4223138391971588	1.6338980197906494	-0.2010258287191391	0.9326141476631165	0.5179668664932251	-1.158550500869751	0.8106252551078796	0.29637768864631653	0.9388958811759949	-0.3578673303127289	0.7998766899108887	0.10163381695747375	0.295665442943573	-1.2439013719558716	-2.3500211238861084
-0.9305119514465332	1.250144362449646	0.719089150428772	-0.35781916975975037	0.34568989276885986	-0.11244221031665802	0.9298527836799622	-0.49538934230804443	0.2663297951221466	-0.5550598502159119	0.04710977524518967	-0.6192386746406555	-1.2366089820861816	0.5809177160263062	0.38314372301101685	0.5447512865066528	1.2104406356811523	1.9363439083099365	0.8566210269927979	0.5301393270492554
-1.5230351686477661	-0.727112889289856	1.4993786811828613	0.6462217569351196	0.989515483379364	0.30887457728385925	0.29971247911453247	1.6543023586273193	1.094299554824829	-0.4619775116443634	-0.16565723717212677	0.37098366022109985	-1.941815972328186	0.48510512709617615	0.807062566280365	0.6640403866767883	0.5215637683868408	-0.422321617603302	1.7610729932785034	0.6719788908958435
-0.021916011348366737	2.42179536819458	-0.1623341143131256	0.5658812522888184	0.9217721223831177	-0.6548144817352295	0.09407493472099304	-0.4800895154476166	1.5761487483978271	-2.115069627761841	0.12521705031394958	0.9020162224769592	-1.7746427059173584	-0.14957445859909058	0.2507774233818054	1.6810696125030518	-0.11162654310464859	2.4742045402526855	-0.685674786567688	0.15444079041481018
0.5401691794395447	0.6115692257881165	-0.7326315641403198	0.06364300847053528	-1.615788459777832	0.12454556673765182	0.982333779335022	-1.051475167274475	0.24499393999576569	-0.44159507751464844	-0.43472251296043396	0.9185214042663574	0.40473827719688416	-0.6759898066520691	-1.787041425704956	-0.09130340814590454	0.32463330030441284	0.7513766288757324	-0.38361242413520813	1.4750529527664185
0.4639911651611328	-1.723125696182251	0.8585140705108643	1.24037504196167	-1.437004804611206	0.365551233291626	-0.21499094367027283	-0.7809266448020935	-0.2309045046567917	-0.6738319396972656	0.7317036986351013	-0.5230435729026794	-1.9412775039672852	0.15953414142131805	0.14937655627727509	-0.19580750167369843	-1.680038571357727	0.30296987295150757	-0.6251660585403442	0.1182839423418045
-0.11429744213819504	-1.7049564123153687	-0.556882381439209	0.6280057430267334	0.27310705184936523	0.7006722092628479	1.760066270828247	0.09933144599199295	-1.939663052558899	-0.8445396423339844	0.6504914164543152	-0.8803528547286987	0.5275048613548279	0.2261735200881958	0.8230413198471069	0.13723427057266235	-0.10120287537574768	0.44104644656181335	1.0725477933883667	-0.3919207751750946
-0.09776943922042847	-0.2597166895866394	-0.9281370043754578	-1.4437544345855713	-1.988381028175354	-1.8679591417312622	-0.3086727261543274	-0.17993775010108948	-0.0003413271333556622	0.8966999053955078	2.0318565368652344	-0.26744556427001953	-0.4509260952472687	-0.3168543577194214	0.3038105070590973	-0.9052569270133972	1.1139496564865112	0.9316773414611816	-0.3305380940437317	1.5469012260437012
-0.7933421730995178	-0.32863327860832214	-0.1709555983543396	0.7418371438980103	0.9153150320053101	1.5055063962936401	0.4809132516384125	0.14648763835430145	-0.6064820289611816	-1.1894549131393433	0.44348862767219543	0.632925271987915	-1.5747228860855103	-1.3908988237380981	-0.582135021686554	-2.300830364227295	0.7647170424461365	-0.24329663813114166	0.5765957832336426	-0.31744489073753357
0.07119669020175934	0.7076706886291504	-0.8968343734741211	-2.07010817527771	1.5097301006317139	-1.955212116241455	0.48411113023757935	0.20491500198841095	0.42317819595336914	-0.618175208568573	0.8492351174354553	-1.896767020225525	0.0847548097372055	0.32797226309776306	-0.09038946032524109	1.2864493131637573	-0.08981901407241821	0.22422346472740173	-1.0161389112472534	-0.768157422542572
-0.28050437569618225	0.5230839252471924	2.283182382583618	0.5214325189590454	-1.2691460847854614	-0.4389108121395111	-0.493619829416275	-1.0472763776779175	-0.8407297730445862	-0.7479898929595947	-0.2449578493833542	0.9483217597007751	1.3903321027755737	-1.0153453350067139	-0.30807721614837646	-0.13759885728359222	0.8062740564346313	0.568739652633667	1.0101920366287231	-1.077156901359558
0.12915581464767456	2.464608669281006	-0.8580771088600159	-0.8100965619087219	0.7741907238960266	0.0026584346778690815	0.04196549579501152	-2.211625576019287	-0.13981923460960388	0.5643620491027832	-1.2555031776428223	-0.705812931060791	0.1228783056139946	-0.8663997650146484	-0.19036461412906647	0.017320184037089348	1.9356228113174438	1.9057881832122803	-0.47864723205566406	0.4318798780441284
0.48383691906929016	0.8341299891471863	0.9984430074691772	-0.6232613325119019	-0.7519655823707581	-0.10855400562286377	-0.6471446752548218	0.6724173426628113	0.10766859352588654	0.7823566794395447	0.8636067509651184	-0.48266780376434326	-0.785901665687561	1.740708827972412	0.7235106229782104	-0.6521496772766113	0.1495964527130127	-1.5227481126785278	0.5184911489486694	-0.7223197817802429
0.30760347843170166	0.0945461317896843	0.12602625787258148	0.5333203077316284	-0.7279750108718872	1.6611056327819824	-1.173802137374878	-1.8803764581680298	0.4430377185344696	-1.1269094944000244	0.48410117626190186	2.138087272644043	-2.1296064853668213	-0.46745678782463074	-0.019011838361620903	0.48039761185646057	0.8235328197479248	0.3092295527458191	-0.5478230118751526	-1.4742588996887207
-1.3531739711761475	-1.341555118560791	-0.6522005796432495	-0.37946659326553345	0.25475430488586426	2.03252911567688	-0.7899520397186279	-0.12975001335144043	1.5953603982925415	-0.20287686586380005	-0.725115180015564	0.43698999285697937	-0.9227254986763	-0.18341785669326782	-1.73833429813385	-2.4507110118865967	-0.016298208385705948	0.11402823776006699	-0.7243349552154541	0.13357558846473694
0.8075732588768005	-0.0248081237077713	-0.451383501291275	-2.084895372390747	0.08694351464509964	0.010549054481089115	-0.03055753745138645	-0.6101988554000854	1.1754316091537476	-0.9324390888214111	-0.43927618861198425	-0.8464425802230835	-0.6914331912994385	0.24673022329807281	-1.609427809715271	-0.3274725377559662	1.1872835159301758	-0.11487716436386108	1.1708097457885742	-0.5445544719696045
2.3594353199005127	-0.6237452030181885	1.4314016103744507	0.7568944692611694	-0.12152360379695892	-0.4754529595375061	-0.27950605750083923	-0.490499883890152	0.389687180519104	2.5271737575531006	1.4680721759796143	-1.3952877521514893	0.2741115689277649	0.24713659286499023	0.0692753791809082	-1.0606924295425415	-0.5863038301467896	-1.2557308673858643	1.1883046627044678	1.1522570848464966
0.1894199699163437	0.030630482360720634	-1.0712366104125977	-0.0002063377178274095	-0.05547022819519043	-1.7313051223754883	-1.523760437965393	0.3348366618156433	-0.6632904410362244	-0.4708128273487091	-1.2835971117019653	1.1452456712722778	-0.8526746034622192	0.2631411850452423	1.1207014322280884	-0.24262627959251404	-2.038576602935791	1.0207018852233887	-0.6120273470878601	-1.7034013271331787
0.597902238368988	1.8521814346313477	-0.5313318967819214	0.28281980752944946	-0.764672040939331	-0.07786212116479874	-0.29667580127716064	0.44360488653182983	0.14169448614120483	0.42266276478767395	0.22623763978481293	-0.6260107755661011	-0.7687403559684753	-1.4796571731567383	2.0738308429718018	-2.3684024810791016	0.7024415135383606	-0.6747451424598694	-1.8049942255020142	-0.47158461809158325
1.5742743015289307	0.5653553605079651	0.7117270827293396	-0.0638093650341034	-0.022101152688264847	-1.0849554538726807	0.5089068412780762	0.036359772086143494	1.0309292078018188	2.297477960586548	1.1366106271743774	-0.07755210995674133	-2.1946353912353516	0.29295361042022705	-0.10249845683574677	0.7565054297447205	0.6310691833496094	0.7754492163658142	-1.3565951585769653	0.4138942360877991
2.2281734943389893	-0.9359410405158997	-0.1007329672574997	1.894943118095398	-2.1465532779693604	1.9126642942428589	-0.10931243002414703	-0.06535059958696365	-2.4758429527282715	0.7370212078094482	2.149496555328369	-0.7779906392097473	0.5137572288513184	0.019135328009724617	-0.30737414956092834	-0.6677867770195007	-0.5554123520851135	1.4246037006378174	-0.8118217587471008	-0.17299725115299225
0.2786834239959717	0.5167062282562256	-0.2275124490261078	0.7831017374992371	0.873246431350708	-2.76343035697937	-1.1697920560836792	-0.5921304821968079	0.6819283962249756	1.4281224012374878	3.179185152053833	-1.5809752941131592	-0.9556060433387756	0.4498603045940399	0.25849536061286926	-1.5261648893356323	-2.5391130447387695	0.624818742275238	-0.9766159057617188	-0.013602973893284798
1.0094667673110962	-0.9216753840446472	0.5174202919006348	-2.607964277267456	-0.14944742619991302	-0.85715252161026	0.8620850443840027	1.0631181001663208	1.5795958042144775	-0.8900825381278992	-0.2006838470697403	-0.4841069281101227	0.5410758852958679	0.7614683508872986	-0.2962963283061981	-1.7542463541030884	-0.9334368109703064	0.09741699695587158	-0.2599203586578369	-0.4837042987346649
-3.012031078338623	0.15753118693828583	0.624028742313385	-0.6272059679031372	-0.6546977758407593	-0.708368182182312	0.3274310827255249	0.08866545557975769	0.0718340128660202	0.025225810706615448	-0.527356743812561	-1.4645723104476929	0.4271712005138397	-1.738652229309082	-0.765223503112793	0.7687165141105652	-0.9933485388755798	-0.20862436294555664	-0.3052962124347687	0.35574978590011597
-0.5150030255317688	0.41599592566490173	0.41690558195114136	1.1062861680984497	-0.19944128394126892	-0.38339951634407043	-0.611261785030365	0.015577312558889389	-0.08584228903055191	1.2081153392791748	0.08089940994977951	1.628753423690796	0.3713161051273346	-1.311079978942871	-0.39265528321266174	0.7234172224998474	0.23273299634456635	-0.9680703282356262	0.9070138335227966	-1.0216152667999268
-1.791771411895752	-0.998248815536499	-0.6606354713439941	-0.9955202341079712	0.9903355836868286	0.04956521838903427	-0.17337220907211304	-1.3596715927124023	0.11494050174951553	-0.24616432189941406	-0.9184800982475281	0.5178649425506592	-1.531822919845581	0.8730570673942566	1.8352242708206177	-0.12233623117208481	-0.20932091772556305	-0.15912683308124542	0.5246543288230896	0.33745163679122925
0.5709481239318848	0.13070638477802277	-0.2630707025527954	-0.09054895490407944	0.36751705408096313	1.1606554985046387	0.9000093340873718	0.39954912662506104	-0.7718757390975952	-0.33019548654556274	0.8035610914230347	0.016101006418466568	-0.21483191847801208	1.3017898797988892	1.034224271774292	-0.004437809810042381	1.2277613878250122	0.12140116095542908	0.18890021741390228	1.0052634477615356
-0.8792627453804016	0.3433308005332947	0.24896204471588135	-0.08647856116294861	0.7870578765869141	0.4584301710128784	0.006766840349882841	0.9445248246192932	-0.4649384021759033	0.17382755875587463	0.5028060078620911	0.23279617726802826	1.4073364734649658	1.0531604290008545	-1.016761064529419	-0.9295879602432251	0.4133493900299072	0.37769293785095215	1.295225977897644	0.32483676075935364
-0.7361100316047668	-0.4790734648704529	1.1255959272384644	-0.08445688337087631	-0.0001515818148618564	0.852202832698822	-1.2557505369186401	0.12291544675827026	1.5077946186065674	-0.6707033514976501	-1.302236557006836	-0.30403363704681396	0.08219851553440094	0.3808574378490448	1.5559732913970947	0.7430900931358337	-0.9097402095794678	0.026839805766940117	-0.38654106855392456	-1.4996812343597412
0.9314561486244202	-0.26062649488449097	1.513965368270874	0.03479992598295212	-1.5445771217346191	-0.8879411816596985	-0.33269771933555603	0.16827283799648285	2.376244068145752	0.17567771673202515	-0.7319557666778564	0.3745037913322449	-1.0926003456115723	-0.7105021476745605	1.0853239297866821	0.7156333923339844	-1.1135368347167969	-0.11972276866436005	-1.7808419466018677	-0.89963299036026
0.35055699944496155	-0.5185571312904358	1.0191439390182495	0.9174022078514099	-1.3242177963256836	0.24031269550323486	-0.9347729086875916	0.6536769270896912	0.5610595345497131	0.589549720287323	-1.5879764556884766	-1.6494182348251343	0.9387421607971191	1.195801854133606	-0.42392686009407043	1.1034799814224243	1.6449848413467407	0.15963396430015564	0.5416771769523621	-1.2154392004013062
0.3098292350769043	-0.5729057192802429	-1.8002309799194336	-0.3638598918914795	0.9634068012237549	1.8881770372390747	2.495501756668091	0.34524106979370117	-1.9264917373657227	-0.7221296429634094	-0.6167498230934143	-1.2505196332931519	-0.3117768168449402	-0.756880521774292	0.6637075543403625	0.1307986080646515	0.4065627455711365	0.31849828362464905	1.2752978801727295	1.5881401300430298
-1.232941746711731	-1.0442640781402588	-0.3634973466396332	1.1146124601364136	-0.2450629472732544	-1.1532918214797974	-2.096398115158081	0.11331110447645187	-1.1164804697036743	1.2097156047821045	-0.12189221382141113	1.7303988933563232	1.0087143182754517	0.3546306788921356	0.857236385345459	-0.4476918578147888	-0.19302158057689667	0.4260399341583252	-1.9031414985656738	0.5432950258255005
1.1596111059188843	-1.2993899583816528	2.1411991119384766	1.5387842655181885	-1.0842154026031494	0.8053442239761353	-0.9453447461128235	0.3091493546962738	1.0216712951660156	-0.8787696957588196	0.8109407424926758	0.9242421388626099	-0.4980115294456482	1.3560807704925537	0.9220170378684998	0.7076061367988586	0.5792170166969299	0.9817584156990051	-0.9840865135192871	0.23408016562461853
0.2215985804796219	-1.6092277765274048	1.7253217697143555	-0.9727723002433777	0.49150344729423523	0.7258490324020386	-1.6378204822540283	-0.06283053010702133	1.1254576444625854	-0.9416030645370483	-0.24048428237438202	-0.06881897896528244	-0.2172953188419342	-0.9107136130332947	-0.03578997403383255	0.20104137063026428	0.8207525610923767	-0.24888235330581665	0.018676236271858215	-0.4463132917881012
-0.46090900897979736	-2.4928154945373535	0.21423760056495667	-0.393039733171463	0.10772320628166199	-0.666693389415741	-0.8382474780082703	-0.8493093848228455	-0.19693033397197723	-0.260956734418869	1.1826757192611694	-0.23824311792850494	-1.2023972272872925	0.35589832067489624	1.1758137941360474	-0.0018591320840641856	-0.6274160146713257	-1.2102159261703491	0.2228986918926239	0.6365262269973755
-0.15365685522556305	-0.2583490312099457	0.8423900008201599	0.5325708389282227	1.3898392915725708	1.1164727210998535	-0.419973760843277	-0.32393214106559753	-0.9416016936302185	1.1367287635803223	1.5090175867080688	1.3526456356048584	0.21193204820156097	-0.03907828405499458	-0.9400320053100586	-0.18362797796726227	-1.1274468898773193	0.2709445357322693	-0.815169632434845	-0.11907016485929489
-1.5534675121307373	-0.32148417830467224	0.1312805563211441	1.5215418338775635	-1.2453556060791016	0.20831823348999023	0.14448115229606628	-0.045575473457574844	1.8124961853027344	1.1465623378753662	0.16292022168636322	-0.5365142226219177	-0.6487957239151001	0.4920240640640259	1.3973584175109863	0.21578849852085114	-0.05801377445459366	0.7785019278526306	0.2678431570529938	-0.5293824672698975
0.3689804971218109	-1.2184606790542603	0.6708058714866638	1.2936667203903198	1.063781976699829	-0.030970623716711998	0.2880169451236725	-0.8512188196182251	0.13671164214611053	-1.0956496000289917	0.1929977387189865	-0.7449272871017456	1.908925175666809	0.9202725291252136	0.7978982329368591	-0.48781833052635193	0.2736394703388214	2.8283002376556396	1.8590840101242065	-0.09449470043182373
0.31855523586273193	0.9732534885406494	1.2537450790405273	0.5944222807884216	-0.5764991044998169	-0.2551345229148865	-1.877495527267456	2.7961819171905518	-1.1829679012298584	-1.299212098121643	-0.5284330248832703	0.9902087450027466	0.04766068607568741	-0.14143067598342896	0.7838518619537354	0.7167994976043701	1.2194405794143677	0.2356288731098175	1.8880138397216797	1.0702778100967407
-0.5641803741455078	1.876132607460022	1.0761538743972778	-0.7056729197502136	1.2842986583709717	-0.4170142114162445	-0.8304628729820251	-0.7619271278381348	0.11814513802528381	0.6529320478439331	0.6016061902046204	-0.3194727599620819	0.3813697099685669	1.7482208013534546	0.27997028827667236	-0.50873202085495	0.1219671368598938	-0.3276399075984955	1.2891570329666138	0.9374451637268066
1.8118705749511719	-1.9763615131378174	2.628965377807617	-0.6375611424446106	1.8488855361938477	1.5927895307540894	0.8518790602684021	-1.9457368850708008	-0.28724291920661926	-1.7130098342895508	0.2681620717048645	-0.12650257349014282	0.2080107480287552	0.14675037562847137	0.4493394196033478	0.01847844384610653	-0.8708482384681702	-0.0324677936732769	-0.4359017610549927	0.22790537774562836
-0.5296936631202698	0.42606616020202637	-0.9901679754257202	-0.9403256773948669	0.7497115731239319	0.1263139843940735	-0.07949195802211761	1.1499732732772827	1.5245131254196167	0.29247286915779114	-1.1543446779251099	-1.3107856512069702	0.002337669488042593	0.29243847727775574	-0.6781757473945618	-0.08532798290252686	-2.538454055786133	-0.6260559558868408	2.4069433212280273	-0.2423931509256363
0.4013121724128723	0.40456512570381165	0.707840621471405	2.061661720275879	0.7300047278404236	-1.4448500871658325	0.9759886860847473	1.5972667932510376	-0.3727816939353943	-0.6305487751960754	-0.7426936030387878	1.6210228204727173	-0.337617963552475	2.913879156112671	0.33937469124794006	0.042090948671102524	1.0739977359771729	-0.6832489967346191	0.26473188400268555	-0.7847391963005066
-1.3212177753448486	0.6766669750213623	2.0545032024383545	0.42696160078048706	-0.15096212923526764	-0.3648363947868347	1.6492362022399902	0.6217094659805298	1.1023921966552734	-0.4420192837715149	-0.6138054728507996	1.0676852464675903	0.6810852885246277	1.4156880378723145	-1.1392009258270264	-0.5475151538848877	-1.057142972946167	0.7463186383247375	1.2357432842254639	-0.3777007758617401
0.5810306072235107	-0.49830493330955505	0.755397617816925	0.4159373939037323	-0.342143177986145	-0.2920328676700592	-0.5543103218078613	-0.4622516930103302	-1.0325002670288086	-1.120184302330017	-0.617816686630249	-1.412272334098816	1.220693826675415	-0.7484697699546814	0.46395155787467957	0.8962540626525879	-2.6720528602600098	2.1743099689483643	0.6407130360603333	0.40480634570121765
-0.4492242634296417	-1.1956454515457153	1.2365202903747559	-1.85890793800354	-2.2901687622070312	-1.720451831817627	-0.2818494737148285	-0.8490663766860962	-0.31455129384994507	-1.0464870929718018	0.0018930952064692974	0.3549124598503113	0.4121772348880768	-1.1698236465454102	-0.15400715172290802	-0.4399457573890686	-0.7300631403923035	-0.7826471924781799	0.19631832838058472	1.162370204925537
3.084383249282837	-2.2644176483154297	0.1277843713760376	0.45056793093681335	-0.8952909111976624	-0.04467425122857094	0.8373764753341675	1.4336798191070557	-0.40351220965385437	0.14007438719272614	0.7470172047615051	0.5452970862388611	0.23937958478927612	0.6318525671958923	0.6570194959640503	0.2724634110927582	-0.6750801801681519	0.00803457759320736	1.6865273714065552	-2.1986305713653564
1.275773048400879	-0.49461132287979126	0.1436113566160202	0.6468713283538818	0.39022502303123474	-0.6087487936019897	-2.2349441051483154	-2.249525308609009	0.4184238612651825	-0.5129914283752441	-0.6573888659477234	-0.692489504814148	-3.1633920669555664	1.1638175249099731	-0.013782592490315437	0.18461360037326813	-0.09835147112607956	1.3802509307861328	-0.6975724697113037	-1.362460732460022
0.7656192183494568	1.0567177534103394	-1.4865598678588867	-1.583086609840393	1.1821831464767456	0.6058845520019531	-0.10151537507772446	0.349707692861557	0.4062265157699585	0.8659411668777466	0.4201942980289459	-1.7282849550247192	1.1660443544387817	-1.038212537765503	-1.0430067777633667	-0.19379089772701263	0.13407202064990997	-0.23041430115699768	-1.9643748998641968	0.03359942510724068
0.1480253040790558	1.457672119140625	0.2494119256734848	-1.0134562253952026	1.4391512870788574	0.5716473460197449	0.4884495735168457	-0.5544904470443726	0.6295294165611267	0.5134038329124451	0.8095479011535645	0.5701403021812439	0.7172136902809143	1.7932534217834473	-0.6963397860527039	0.21800273656845093	0.9559286236763	-1.4037034511566162	-0.500816822052002	-0.16489525139331818
0.8158057928085327	0.8121845126152039	0.34180131554603577	0.3698611557483673	0.39759576320648193	0.044317737221717834	-0.03183018043637276	1.2155965566635132	1.2499353885650635	-0.6399364471435547	-0.30991673469543457	0.47833573818206787	0.2841491401195526	0.30072733759880066	-1.7055449485778809	-0.8833454251289368	1.2526392936706543	-0.4517824947834015	0.5805515646934509	0.8448677062988281
-1.1743160486221313	-0.09333203732967377	0.1943960040807724	0.07221879810094833	0.1401689201593399	1.0778391361236572	-0.6347894668579102	-0.6515623331069946	-0.21221235394477844	1.8163961172103882	-0.93226557970047	1.5216907262802124	-1.1752009391784668	-2.641711473464966	0.22504805028438568	0.23163412511348724	1.4877989292144775	0.06128479540348053	1.9293118715286255	-1.0876257419586182
0.4423588812351227	-1.0693771839141846	0.7888705730438232	0.152590811252594	0.8027792572975159	-0.20711712539196014	2.053318738937378	1.241334080696106	-0.050406474620103836	-0.4147503077983856	0.4919593334197998	-0.3826186954975128	0.6829152703285217	-0.9614275693893433	-0.2354917824268341	-1.2468847036361694	1.5218478441238403	-0.6606114506721497	-0.9075583815574646	1.2921487092971802
-0.6125025749206543	-1.9368841648101807	0.06051413714885712	-0.0395495630800724	-0.6636086106300354	1.2154943943023682	-0.4263876676559448	0.16751231253147125	-0.48010092973709106	-0.3555675745010376	0.5526350140571594	0.2257160097360611	-0.3359174132347107	0.6266894936561584	0.9888766407966614	-0.8355515003204346	-0.3084007501602173	-0.5508170127868652	-0.533117949962616	-1.3870697021484375
-0.5812371373176575	-0.7552384734153748	-0.7261418700218201	0.5016213655471802	-1.0011688470840454	0.6551171541213989	-0.35836488008499146	0.8333451151847839	0.9423993229866028	2.3912405967712402	0.3232409656047821	0.20907211303710938	-0.19701914489269257	0.15340906381607056	0.4469171166419983	0.62550950050354	0.5717496871948242	-0.3437119424343109	2.169635772705078	-0.24477437138557434
-1.5736311674118042	-0.7873793840408325	-1.1256802082061768	0.2554346024990082	1.1258329153060913	-1.1845053434371948	-0.3705904483795166	-2.3444905281066895	-0.23984619975090027	-0.21630525588989258	0.20202761888504028	-0.5772529244422913	1.1915926933288574	-2.143108367919922	-0.6727305054664612	0.3245534300804138	-0.704938530921936	-0.7951533198356628	-0.5613210201263428	0.9441768527030945
0.43619877099990845	0.6205040216445923	1.133095383644104	-0.3675893247127533	0.7911359071731567	0.9197954535484314	0.8747522830963135	1.1763991117477417	-0.7384752631187439	-0.991072416305542	1.8095297813415527	0.35672715306282043	0.3945736587047577	0.12346199154853821	1.5558850765228271	0.12763337790966034	-0.1555856615304947	-0.15233074128627777	-0.6758822798728943	-0.5092077851295471
1.4822965860366821	-1.4186044931411743	1.0356216430664062	0.8395518064498901	0.4108829200267792	-1.7977792024612427	-1.0984957218170166	-0.6384466886520386	0.4719776511192322	-0.3799211382865906	-0.8036611080169678	0.06706631928682327	-0.7193564772605896	0.04467864707112312	-0.6312554478645325	-1.6659398078918457	-1.285345196723938	0.9733511805534363	-0.02760067768394947	-1.0279558897018433
-0.6152582168579102	-0.8003621101379395	0.5754817724227905	2.6909778118133545	1.4032131433486938	0.21401740610599518	-0.04446618631482124	0.9698663949966431	0.5058248043060303	0.21685263514518738	-0.3974492847919464	-0.2603442370891571	0.3864811658859253	1.2829086780548096	1.3992727994918823	0.10671251267194748	0.1410682052373886	-0.23696503043174744	-0.4197289049625397	0.34842509031295776
-1.108909010887146	0.2574687600135803	0.7877606749534607	-0.3395044803619385	-0.8311405181884766	0.4175434112548828	-0.7392418384552002	-0.26753485202789307	0.9202237129211426	-0.850007176399231	-2.174806594848633	-0.16829678416252136	0.46329835057258606	0.2675938606262207	-0.7364983558654785	0.18322136998176575	-0.536952555179596	2.736334800720215	-1.0686770677566528	-0.4127463102340698
-0.26054465770721436	-0.28020504117012024	0.8465623259544373	0.2632763981819153	0.5731676816940308	1.6376413106918335	0.7428406476974487	-0.896567702293396	-0.8996368050575256	0.11484283208847046	1.1956393718719482	-1.2168192863464355	0.749805748462677	-0.6584131121635437	1.3303930759429932	0.7518399357795715	1.022367238998413	-1.0078550577163696	0.33982691168785095	0.10288827866315842
-0.9301244616508484	-0.2609311044216156	-2.5384888648986816	0.6164041757583618	1.2512669563293457	0.8461434841156006	-1.0020416975021362	0.8865950703620911	0.9033485651016235	1.1586918830871582	0.7117769718170166	-0.46525514125823975	-0.4538005590438843	0.5680301785469055	-1.1882518529891968	0.7843143343925476	-0.6979320645332336	0.9419246912002563	-2.160325050354004	-1.2401272058486938
0.6610714793205261	0.804679274559021	0.5398985147476196	0.1639196127653122	0.7580852508544922	0.21709193289279938	0.2696734070777893	0.12359197437763214	-0.20250435173511505	-0.22903497517108917	-0.7500364184379578	-0.7697144150733948	0.8401110768318176	-0.36291739344596863	-0.7710468173027039	0.2763408124446869	-1.6602236032485962	0.39697855710983276	-0.502265453338623	-0.8457907438278198
0.37297511100769043	-1.7013018131256104	-0.743743360042572	-1.3006101846694946	-0.1997472643852234	-0.22466719150543213	0.2713753879070282	0.2744966447353363	0.22941988706588745	-0.5221651792526245	1.3648418188095093	-0.10210772603750229	1.290457010269165	1.2870666980743408	0.9509510397911072	0.8021566271781921	-0.762083888053894	0.6815446615219116	0.5608146786689758	1.2776228189468384
-2.3400015830993652	-1.577202320098877	-1.3300397396087646	-0.7351770997047424	-0.6505129337310791	-1.2735148668289185	-1.885180950164795	-0.9450523257255554	-0.08226069062948227	1.326526165008545	0.796294629573822	-0.09901101887226105	0.455944299697876	0.6492050886154175	1.2206066846847534	0.04046695679426193	2.160489082336426	-1.2308380603790283	1.388094186782837	-0.7272908091545105
-0.28633278608322144	-0.8220524191856384	0.659377932548523	1.110336422920227	-0.8494214415550232	1.0330824851989746	0.8143134713172913	0.43915343284606934	-0.7223995327949524	2.263608694076538	-0.9556291103363037	-0.019834039732813835	-1.0266597270965576	-0.7416901588439941	0.7193297743797302	0.3348560929298401	-1.673038125038147	0.7177514433860779	-2.7442944049835205	0.23512215912342072
-1.4058630466461182	-1.1076809167861938	0.8114005327224731	-0.12057724595069885	-0.3185756206512451	1.1589150428771973	0.17977599799633026	-0.8819139003753662	-0.9328593015670776	-0.024781931191682816	-1.0596524477005005	0.2751815617084503	-2.1456968784332275	0.1535559445619583	0.8602967858314514	0.9463933110237122	1.0376992225646973	-1.3922576904296875	-0.043334443122148514	-0.5768369436264038
-0.28616997599601746	-0.42997559905052185	1.4915242195129395	0.5617011785507202	-0.28937819600105286	0.2451278567314148	0.48095428943634033	0.09530263394117355	1.3340636491775513	0.6094088554382324	0.8240106701850891	-0.9974197745323181	0.4001684784889221	0.5680563449859619	-0.6249207854270935	0.9893500804901123	1.286855697631836	-2.771336793899536	0.018804581835865974	1.2220829725265503
0.15533244609832764	-0.7059751749038696	-0.8034322261810303	1.5816839933395386	-1.1144911050796509	-0.11515119671821594	-0.2830395996570587	-2.0977423191070557	-0.19375239312648773	0.05587185546755791	0.3739055395126343	-0.8521366715431213	-1.1442264318466187	-0.3947392404079437	-0.9148921370506287	-1.3625249862670898	-0.3441776931285858	-0.5842518210411072	0.2829965651035309	-1.496031403541565
0.9543280601501465	-0.9445345401763916	-0.8994447588920593	-0.10256630927324295	0.017670080065727234	0.6542400121688843	-1.6567937135696411	-2.1288564205169678	1.7183449268341064	-0.7221551537513733	-1.7191749811172485	0.15912844240665436	0.14089782536029816	0.9893277287483215	0.11988397687673569	-0.7325760722160339	0.8682885766029358	-0.0629149079322815	0.5486743450164795	-0.8878918290138245
-0.15551231801509857	-0.3299488127231598	2.060290813446045	0.037859126925468445	-0.1850465089082718	-0.6068086624145508	0.9963183403015137	-0.8431015014648438	-1.4209206104278564	-0.12254728376865387	-1.9100810289382935	1.462052822113037	-0.5144204497337341	0.5358362197875977	-2.0945873260498047	1.054836392402649	1.5003979206085205	-0.32073473930358887	0.11715065687894821	1.2358639240264893
-0.3573754131793976	-1.1791303157806396	-0.4335331916809082	1.6480064392089844	-0.20682191848754883	1.641276240348816	0.20771043002605438	0.6440594792366028	0.3367229700088501	0.8996748924255371	2.1888277530670166	-0.27477097511291504	-0.10847941786050797	-0.6752890348434448	-2.2171475887298584	0.31719446182250977	1.374350666999817	-0.13248558342456818	-1.3387583494186401	-0.7256485223770142
-0.20398445427417755	0.09470260143280029	0.12127677351236343	-0.3905061185359955	-0.5125454664230347	1.024015188217163	-1.9513317346572876	0.12135959416627884	1.7632768154144287	-1.3915883302688599	0.9967356324195862	2.237727642059326	-0.2114805430173874	-0.24352507293224335	0.8193338513374329	-0.5524741411209106	0.0019532442092895508	-1.365917682647705	-0.08523096889257431	0.0029599841218441725
-0.8630120158195496	-0.39128053188323975	-0.6960770487785339	-1.0898573398590088	-0.4922153353691101	0.46923378109931946	0.38690558075904846	1.821641206741333	0.9385649561882019	1.3104788064956665	-0.4825633466243744	0.4288460910320282	0.10336336493492126	-0.7376389503479004	0.590363085269928	-0.45895683765411377	0.23882804811000824	0.22170118987560272	-0.4517592191696167	-0.6069647073745728
-1.4405198097229004	-1.2858082056045532	0.18557332456111908	-0.4407072067260742	-0.9334118366241455	-0.7280508279800415	-0.5528103709220886	-1.5909792184829712	-0.7694528102874756	-0.7485840916633606	-0.3843315839767456	0.27603626251220703	0.19026753306388855	0.2832212448120117	-0.0852314680814743	-0.9174471497535706	-0.38890865445137024	1.8163679838180542	0.4446910619735718	0.00804815161973238
3.0112991333007812	-0.10238867998123169	0.3534104526042938	1.4015085697174072	0.909856915473938	-1.038520097732544	1.1882878541946411	-0.4106784760951996	-1.3481096029281616	-0.42955923080444336	1.7228224277496338	-0.2771949768066406	1.0187187194824219	-0.7222988605499268	-1.1396794319152832	1.0879316329956055	-0.0013192029437050223	0.8980305194854736	0.4443010091781616	-1.8583358526229858
0.9680460691452026	0.21586723625659943	-2.6695022583007812	-0.9444490671157837	-1.6747232675552368	-1.377165675163269	-0.8950334787368774	-0.3684629201889038	-1.964816689491272	-2.0703163146972656	0.023868249729275703	-1.2992690801620483	-1.8324322700500488	-0.4360900819301605	0.16410301625728607	-2.1419568061828613	-1.2856296300888062	-0.3243984282016754	-1.1859771013259888	0.6571318507194519
-0.39786747097969055	0.48699817061424255	0.2547456920146942	0.14898715913295746	1.378702163696289	-0.022896701470017433	0.7616762518882751	1.0269827842712402	-0.40822240710258484	0.16826260089874268	0.7877299189567566	-0.6472400426864624	0.607336163520813	-0.2565211355686188	-0.7513619661331177	-0.5165911316871643	-0.09111136198043823	-1.0581239461898804	1.396939992904663	0.8054391145706177
1.7215075492858887	-0.0765829086303711	0.11904074251651764	-0.6244704723358154	-1.1978644132614136	-0.6348982453346252	1.032675862312317	1.9368411302566528	0.14775945246219635	-1.1400622129440308	0.22059808671474457	-0.4289920926094055	0.5096720457077026	-0.2288242131471634	1.4642248153686523	0.35404086112976074	-0.6483065485954285	0.3981533646583557	0.3440461754798889	0.6076343655586243
0.2817380428314209	-0.5166097283363342	1.3193943500518799	-1.3619529008865356	-0.4936146140098572	-1.4419372081756592	0.3305662274360657	0.4974288046360016	0.5335977077484131	-1.3715579509735107	-0.048684366047382355	1.135196328163147	-1.1744059324264526	-1.0844210386276245	0.5538696646690369	0.9776618480682373	1.2306064367294312	0.2272534966468811	0.49132007360458374	-0.2662718594074249
-1.4582887887954712	-0.6866914629936218	-0.39907941222190857	0.1730138063430786	-0.6049465537071228	-2.6481854915618896	-1.5766538381576538	0.040070660412311554	1.4516735076904297	-0.28055208921432495	-0.8613395094871521	0.6934562921524048	0.1191914826631546	-0.5879843831062317	-1.18739914894104	-0.10121309757232666	-0.9176348447799683	-1.4072390794754028	0.10678151249885559	2.1042566299438477
-0.8400921821594238	-0.15679912269115448	-0.8330047130584717	-0.749075174331665	-0.014461182989180088	0.4760228097438812	0.5663903951644897	-0.33646950125694275	-0.3964906334877014	-0.611943244934082	-2.524637460708618	1.7691457271575928	0.41621553897857666	-0.7901673316955566	1.1124484539031982	1.3757034540176392	-1.8501473665237427	0.7076950669288635	1.086585283279419	0.06517442315816879
2.2765681743621826	1.0414470434188843	0.079450324177742	0.9879164099693298	-0.571425199508667	0.06622033566236496	-1.520133137702942	0.6651597023010254	0.5204207301139832	-1.8513906002044678	0.862467885017395	0.7216572761535645	-2.258824110031128	-0.1307956874370575	-2.0073394775390625	0.5771009922027588	-0.1402188539505005	0.6555112600326538	-0.53403639793396	0.57981938123703
1.5844582319259644	-0.7453515529632568	-0.8861423134803772	0.7203142642974854	-0.2392415702342987	0.031179213896393776	-0.17674747109413147	-1.4344435930252075	1.1171514987945557	2.066316843032837	0.5976014137268066	-1.998811960220337	-1.243146300315857	-0.3573416769504547	2.1067330837249756	0.31442391872406006	-0.974543035030365	-0.6696466207504272	2.0058767795562744	0.3593560457229614
0.7400414347648621	0.23486915230751038	-1.3268342018127441	-1.8229563236236572	-0.5048580169677734	0.5252862572669983	0.3914922773838043	0.25916630029678345	-0.388955682516098	-0.4858146607875824	-1.5704801082611084	-0.7734291553497314	-1.2757312059402466	1.2160112857818604	-0.8476752638816833	-0.30776020884513855	0.6039741039276123	-0.5196340084075928	0.7668542861938477	0.00856870785355568
-0.06568621098995209	-0.39851316809654236	0.21744665503501892	-1.3506547212600708	-0.7684097290039062	-1.9059656858444214	-1.3036980628967285	0.09392454475164413	1.5405969619750977	-1.6598531007766724	1.2317601442337036	0.18757201731204987	-0.02500241808593273	-1.7963687181472778	-0.10566668957471848	0.6129549741744995	0.42548826336860657	1.6722725629806519	-0.4546225666999817	0.9862657785415649
-0.034339629113674164	-0.3676513433456421	1.3020132780075073	-0.15909625589847565	-0.2667725384235382	-0.04372083395719528	1.0775630474090576	0.9580463171005249	0.40355098247528076	0.46751871705055237	0.08204818516969681	-0.1737661212682724	0.47422027587890625	-0.8023834228515625	-1.2423125505447388	-0.3433893620967865	0.6339928507804871	0.18743795156478882	-0.1595601588487625	0.5524349212646484
0.5583933591842651	0.6317419409751892	-1.7833476066589355	-0.01715163141489029	0.6296095848083496	-1.5413249731063843	0.5653672814369202	-0.30892711877822876	0.9635923504829407	1.246152639389038	0.14661097526550293	-0.3617599308490753	-0.41191720962524414	-0.2685448229312897	-0.61186683177948	-0.09243380278348923	1.3893252611160278	-1.828639030456543	0.6372528076171875	0.9088349938392639
0.6700265407562256	-2.5890884399414062	-0.16546383500099182	0.08548543602228165	-0.3026646375656128	0.15096652507781982	-0.8103785514831543	-1.4091843366622925	-0.2010192573070526	-0.04280185326933861	-0.5478851199150085	2.0998270511627197	-1.248611569404602	2.124588966369629	1.831160545349121	-0.5420987606048584	-0.6077190637588501	0.2665659189224243	-0.37435704469680786	-1.186117172241211
-0.29544463753700256	0.8489924669265747	0.8098081350326538	0.6535882353782654	-0.17793826758861542	-0.818646252155304	0.9322468042373657	0.7341510057449341	-0.4084048271179199	0.09504251927137375	0.7601215839385986	1.577062964439392	-0.3562183380126953	-0.6248285174369812	1.2269401550292969	1.3411297798156738	2.037010431289673	-1.0445833206176758	-0.23719260096549988	0.808685839176178
-0.6970669031143188	0.24237042665481567	1.3907995223999023	-0.8603439927101135	0.42229053378105164	-1.3072302341461182	0.8658024668693542	-1.4098411798477173	0.5797683000564575	0.14409798383712769	0.31979143619537354	0.48933207988739014	-1.5338014364242554	0.8211455345153809	-0.31623440980911255	0.23020881414413452	-0.26960375905036926	0.2332688271999359	-0.4049959182739258	-1.695396065711975
-1.1709847450256348	-0.3070433437824249	1.0759886503219604	0.2505463659763336	-0.7634232044219971	-1.4870318174362183	0.1905796378850937	1.3593151569366455	0.07952464371919632	0.6346922516822815	0.4728197455406189	0.7499127984046936	-1.2385139465332031	1.4045441150665283	0.7949774861335754	0.14681600034236908	1.1736303567886353	0.21475036442279816	-0.9669309258460999	0.28878334164619446
3.204622745513916	-0.023178279399871826	-0.8355966806411743	-0.3267127275466919	-1.8984893560409546	-0.6819785833358765	1.4762083292007446	-0.8621706962585449	0.6765820384025574	-1.6195220947265625	-1.5529524087905884	-1.1886131763458252	0.16965197026729584	0.5339474081993103	0.1579984873533249	-1.0216413736343384	-0.06803201884031296	-0.970480740070343	-1.311726689338684	-0.535792350769043
0.6521924138069153	0.8195508122444153	0.09466589987277985	-1.4030624628067017	2.1922457218170166	0.499629408121109	0.9793634414672852	0.8069725632667542	1.068602442741394	-1.5473296642303467	-0.5426415801048279	1.1792783737182617	-0.2660108208656311	-0.6097528338432312	0.44898146390914917	0.22848956286907196	-1.0296802520751953	1.9509919881820679	-0.1733826994895935	-2.7423863410949707
0.6284146308898926	-1.0369069576263428	1.4209086894989014	0.7146649360656738	-0.7178596258163452	-0.9974960088729858	0.18778491020202637	0.14301325380802155	0.05616827309131622	0.31613412499427795	-0.36680954694747925	0.08795567601919174	-0.12917515635490417	-0.7910183668136597	0.4496309757232666	-0.41681554913520813	0.2725293040275574	0.8257752060890198	-0.5045251250267029	-0.18185165524482727
0.7275746464729309	-0.7715262770652771	-0.7663558125495911	-0.15030254423618317	1.491822600364685	-0.840408980846405	-0.13792699575424194	-1.0610355138778687	-0.4328330457210541	-1.2397347688674927	1.8723820447921753	-0.9420533180236816	1.612261414527893	0.8704254031181335	-0.15778909623622894	-0.7941110134124756	-2.3872246742248535	-0.9538770914077759	-1.9932448863983154	0.2174774408340454
0.7677716612815857	-1.2662034034729004	0.34397903084754944	-0.2709541916847229	0.7067918181419373	0.1658119261264801	-0.713138222694397	0.38149774074554443	-1.5570160150527954	-0.34480714797973633	0.06322543323040009	1.8695317506790161	-0.3130759298801422	-0.7738282084465027	2.1254615783691406	0.3222993016242981	-0.10704395174980164	-0.5103672742843628	-0.6578536629676819	-1.05193293094635
-0.05452587082982063	1.7496832609176636	-0.400983065366745	-1.24556303024292	2.6469833850860596	1.3129597902297974	1.6309950351715088	0.21568475663661957	-0.8355995416641235	0.0610499270260334	-0.4120560586452484	0.2538994550704956	-0.38064339756965637	-0.5513978600502014	0.4424814283847809	0.39845845103263855	-0.10881378501653671	0.43997594714164734	-0.8895357251167297	-1.033511757850647
0.6236253380775452	-0.705597460269928	1.6484581232070923	0.6379246711730957	-1.3628590106964111	0.38266506791114807	1.4084433317184448	-0.5029390454292297	-1.4159384965896606	1.4216591119766235	-0.9155172109603882	-0.6295808553695679	-0.9342954754829407	0.03296315670013428	1.0727802515029907	0.543467104434967	0.2446189820766449	-0.7047297358512878	-0.5467262864112854	0.11865746974945068
-1.518735408782959	-0.4384196102619171	-0.002947833389043808	1.9353798627853394	-2.2684850692749023	0.10567350685596466	-0.3437143862247467	1.2062169313430786	0.3246380686759949	-1.8323922157287598	-0.07099263370037079	0.41690757870674133	0.2272467464208603	-0.6090906262397766	1.2294193506240845	-0.019471529871225357	-0.6274728775024414	-0.6174041628837585	-2.082397222518921	-1.227832317352295
1.0538873672485352	0.005501511972397566	-0.10213372111320496	0.6352242827415466	0.1500118523836136	0.008570165373384953	0.5976284146308899	-1.4502055644989014	-1.4570249319076538	2.1811394691467285	0.4730501174926758	1.0755947828292847	-1.0387822389602661	1.070629358291626	-0.4064808189868927	1.3297231197357178	-0.421051949262619	-0.9445188641548157	-0.19917511940002441	0.6537236571311951
1.0037175416946411	0.4096074402332306	0.9622870087623596	-1.9828271865844727	-0.935502827167511	0.8022215962409973	0.6537507176399231	-0.23148854076862335	-0.0963139608502388	-0.11242523044347763	0.8965967893600464	0.3228549063205719	-1.1486523151397705	0.09479361027479172	0.7570909261703491	0.5872064232826233	-0.4522082507610321	-1.9629905223846436	0.2126970738172531	-1.0833133459091187
-1.6239296197891235	-0.22193370759487152	0.2087898701429367	0.19191619753837585	-0.20177747309207916	0.5785381197929382	0.0681709498167038	0.6057287454605103	-1.1092383861541748	-0.8393149971961975	-0.46462830901145935	-2.049797296524048	-1.722649335861206	-0.4081491231918335	-0.608900249004364	0.432100772857666	0.4970807135105133	-0.38051754236221313	1.0823416709899902	1.098699688911438
0.4191126823425293	1.1183279752731323	-0.627853512763977	1.0547024011611938	-0.7123424410820007	-0.3042222559452057	-0.08777877688407898	0.702735424041748	-0.7005913853645325	-0.0153114078566432	-1.0884085893630981	0.18965844810009003	1.5963371992111206	-2.1533257961273193	0.3651354908943176	-0.5158408880233765	-0.8607360124588013	0.640654981136322	0.5148321986198425	2.1425912380218506
1.40284264087677	-0.18569476902484894	1.4917163848876953	-1.1295639276504517	0.5636397004127502	-0.23811690509319305	1.7743568420410156	-0.10886847227811813	-1.8237611055374146	-0.7119095325469971	0.21358735859394073	0.8235822319984436	1.5712780952453613	1.0806649923324585	0.4987111985683441	-0.16770224273204803	0.5903893709182739	0.07818909734487534	-0.4164546728134155	1.3610846996307373
1.3888365030288696	1.3384445905685425	-1.241957426071167	0.8992546200752258	0.8009222149848938	-0.7180992960929871	-0.11233217269182205	-0.302592396736145	0.44620782136917114	-0.7824249863624573	-0.410606324672699	0.09586328268051147	-0.07215383648872375	1.066934585571289	-0.2591738998889923	1.4219930171966553	-0.4435184597969055	0.9295216202735901	-0.6806002855300903	-0.29483047127723694
-0.2742573320865631	0.8643824458122253	2.9125728607177734	0.806782066822052	-0.954466700553894	-0.9001001715660095	-0.5972365736961365	-0.6754433512687683	1.6278733015060425	-1.2391282320022583	0.3345474302768707	0.04905153810977936	0.5717265605926514	-0.2288578748703003	0.5572023987770081	-0.6115251779556274	-2.615161180496216	0.2611894905567169	-0.4365967810153961	-0.154004767537117
-1.6315313577651978	-1.1740963459014893	-2.008727788925171	0.40156289935112	2.1509087085723877	-0.0504765585064888	0.5115500688552856	0.24866537749767303	-0.6390604972839355	-2.012265205383301	-0.3657290041446686	0.3362242877483368	-0.739081084728241	0.6297048330307007	-1.028662085533142	-0.0460021048784256	0.5942661166191101	1.0171363353729248	-0.8840621113777161	-0.47451433539390564
0.8759902715682983	0.3803265392780304	0.2928544580936432	-0.22970448434352875	0.16301538050174713	0.8480464816093445	-0.8290871977806091	0.08086851984262466	-0.5793462991714478	0.6851423382759094	0.7838987112045288	0.25465208292007446	0.2066500037908554	0.8296351432800293	0.028607569634914398	-0.6114712953567505	-0.27406713366508484	0.8908352255821228	0.5073091983795166	-0.8379115462303162
0.42023417353630066	-1.5573370456695557	0.30781933665275574	0.5655835270881653	-0.5206671953201294	-0.43250203132629395	-0.18392568826675415	0.17591166496276855	-1.439060091972351	0.9516808390617371	-0.5157263278961182	1.4192187786102295	-0.7573833465576172	-1.1726213693618774	0.6383119821548462	1.9043283462524414	-1.0043857097625732	0.8299604058265686	-0.17870613932609558	-0.0671689584851265
1.7624033689498901	-0.30760645866394043	-1.0878138542175293	0.17339694499969482	0.29749301075935364	-1.1542673110961914	0.133256733417511	1.2886143922805786	-1.054470181465149	0.5052710771560669	-0.08127002418041229	-0.8122601509094238	-0.5739872455596924	0.08270138502120972	0.25127631425857544	0.9261112809181213	0.7423366904258728	1.0721845626831055	-0.7514829635620117	-0.7069157361984253
-0.8022035956382751	-0.5254177451133728	0.25083571672439575	-0.29167941212654114	-0.6256526112556458	0.3542839288711548	-0.4621117413043976	-1.5446196794509888	-0.5472649335861206	1.6231789588928223	-0.9500280022621155	-0.2939949333667755	0.6396056413650513	-0.7601563334465027	0.6321713924407959	-0.989104151725769	0.2925697863101959	0.164622500538826	-0.9340481162071228	0.03635063022375107
1.1993783712387085	-0.4930229187011719	-0.07772038131952286	-1.0557634830474854	-1.4261956214904785	-1.0777604579925537	1.0324456691741943	-1.2892907857894897	-1.399497628211975	1.5497523546218872	1.5035383701324463	0.08973702788352966	0.5482654571533203	0.7068873643875122	-0.6856079697608948	0.950510561466217	-1.1534523963928223	-0.4554019570350647	1.3361573219299316	0.5737252831459045
-0.8301617503166199	-1.060496211051941	0.826865017414093	0.5701414942741394	0.7146235704421997	0.07933492213487625	2.3443639278411865	0.9463334679603577	0.7625389099121094	1.2947688102722168	-0.6109617948532104	-0.0798739418387413	0.37064042687416077	-0.43070799112319946	2.3840439319610596	0.5375117063522339	-0.4900718629360199	-0.3619840145111084	0.5286094546318054	-1.33827543258667
-0.14965122938156128	-1.1460931301116943	-0.6991361379623413	-0.7270153164863586	0.29219383001327515	0.04000645875930786	0.1384740024805069	-0.45094048976898193	1.0724201202392578	-0.29117584228515625	-2.2100627422332764	-0.10444186627864838	-0.6422178745269775	-0.7280417680740356	0.7588034868240356	-0.17417611181735992	-0.7089413404464722	1.344053864479065	2.0901641845703125	0.8012701869010925
0.12360554188489914	0.4275420606136322	0.6464299559593201	-0.6695049405097961	-0.6698792576789856	-0.09678049385547638	-0.9558360576629639	-0.9606531262397766	-0.19187217950820923	-1.806880235671997	-0.5118839144706726	0.7271423935890198	0.1507328301668167	2.75830078125	-1.0663508176803589	-0.08304986357688904	-0.21977880597114563	-0.10433870553970337	0.47046759724617004	-1.742908239364624
0.009664736688137054	-0.2652374505996704	-0.6155669093132019	-0.9471619725227356	1.0806448459625244	-1.3503667116165161	1.001831293106079	0.2704034149646759	-0.6641425490379333	0.7662378549575806	-1.1970574855804443	2.8867342472076416	-0.09440325200557709	2.9043846130371094	0.7227604389190674	0.04740257188677788	0.35314327478408813	1.5794531106948853	-0.8308773636817932	-1.4893163442611694
-0.7291505932807922	1.1713048219680786	0.8861117362976074	0.19528159499168396	0.013242377899587154	-0.116336390376091	-1.21204674243927	0.18489235639572144	-1.9563685655593872	-0.42847537994384766	-0.7370463013648987	0.5265655517578125	0.3113785684108734	0.5174696445465088	0.3006916344165802	0.14302891492843628	1.6373783349990845	0.32362622022628784	-0.7422804832458496	-1.5464978218078613
2.6309585571289062	1.010801076889038	0.5773513317108154	1.9277396202087402	-2.1099634170532227	-0.46801885962486267	0.7482650279998779	1.5268170833587646	-2.099438190460205	0.4774766266345978	-0.9686087369918823	-1.7274187803268433	-0.15263471007347107	1.4373806715011597	0.8987385034561157	-1.4240673780441284	-0.6358612179756165	-0.0043206908740103245	1.1405870914459229	-0.24791225790977478
-1.1889234781265259	1.132172703742981	-1.0508514642715454	-1.4074382781982422	1.4703844785690308	0.7108431458473206	0.6464722156524658	0.159044548869133	1.0734872817993164	0.3588292598724365	-1.0736031532287598	-0.4984465539455414	1.1568502187728882	-0.035165417939424515	0.34808894991874695	-1.11958646774292	-0.9419072866439819	0.6062908172607422	0.0850447565317154	1.9673997163772583
-1.2434563636779785	1.0266996622085571	0.01238146424293518	0.14205369353294373	0.2601228654384613	-0.0025879992172122	0.20969782769680023	0.12641678750514984	-0.06130253151059151	0.30694180727005005	0.47226235270500183	0.034964703023433685	-0.5556155443191528	-0.6082495450973511	-0.08598435670137405	-0.2666737735271454	1.6240389347076416	0.8374490141868591	-0.841863214969635	1.0867921113967896
0.22001932561397552	-1.2918293476104736	0.6179963946342468	0.6601572632789612	-0.3811497688293457	0.619480550289154	-0.8399675488471985	0.5833774209022522	1.0540862083435059	1.4991921186447144	-0.9823680520057678	-1.9125120639801025	-0.04636041820049286	0.40971502661705017	2.34619402885437	-1.4872519969940186	0.32444339990615845	-0.44788631796836853	0.17633189260959625	-1.103029489517212
-1.00882089138031	1.706075668334961	0.5166061520576477	-1.6705272197723389	0.2704419791698456	1.5896987915039062	-0.10611440241336823	-0.23796580731868744	0.3411070704460144	-0.6558643579483032	-0.823327362537384	-0.8244578838348389	0.18476015329360962	0.45185449719429016	-1.2303401231765747	1.2630940675735474	-0.04767229035496712	-1.666218876838684	-1.980596661567688	0.43166807293891907
0.07249602675437927	-2.0782382488250732	0.9920335412025452	0.07785915583372116	-0.7829033136367798	-0.19261501729488373	0.21193988621234894	1.503983497619629	-0.4376216530799866	0.9580696821212769	0.013695098459720612	-0.4368341565132141	1.9716123342514038	-0.979010283946991	-1.1252820491790771	0.5765517950057983	0.0014448276488110423	-1.4009114503860474	2.3587875366210938	0.15219566226005554
